A,teacher,guides,students,through,a,journey,involving,the,students,professional,and,educational,goals,.,The,teacher,helps,them,students,navigate,through,knowledge,and,ideas,.
A,teacher,is,a,lot,like,a,tour,guide,because,they,guide,us,through,what,they,learned,in,life,and,teach,us,everything,they,know,that,students,dont,.
The,teacher,guides,his,students,on,the,steps,to,take,where,to,read,and,how,to,read,.,He,guides,them,in,behavior,and,life,choices,.
A,teacher,is,definitely,like,a,tour,guide,.,They,have,been,down,the,path,if,you,will,they,have,mastered,the,terrain,.,They,know,where,to,turn,and,jump,.,They,take,on,tourist,and,navigate,them,thru,the,most,accessible,path,while,making,it,enjoyable,and,easy,to,understand,.
College,teachers,are,like,tour,guides,in,that,they,show,us,so,many,new,things,that,we,didnt,know,before,.,Stepping,into,a,classroom,is,a,new,environment,and,the,college,professor,is,teaching,us,all,about,it,while,we,learn,.
A,college,teacher,or,professor,is,like,a,tour,guide,because,they,are,showing,you,how,to,do,the,research,and,bring,forth,complete,ideas,.
A,professor,will,show,students,the,most,popular,sights,and,give,a,brief,overview,of,subjects,that,while,informative,lacks,depth,.,Students,are,like,tourists,in,that,theyre,paying,handsomely,for,the,privilege,and,are,only,being,guided,to,the,places,their,professors,would,like,them,to,see,.
A,teacher,is,familiar,with,the,course,materials,and,will,guide,the,students,around,to,the,important,parts,.
A,teacher,is,like,a,tour,guide,in,that,they,are,showing,their,students,all,of,the,information,they,are,to,learn,and,trying,to,make,it,interesting,to,them,.
A,teacher,shows,students,what,the,world,is,about,and,what,is,new,.,A,teacher,introduces,the,student,to,a,new,way,of,life,.
College,students,should,already,have,a,base,of,knowledge,and,be,self,sufficient,like,a,tourist,.,They,will,conduct,much,of,the,learning,themselves,and,only,need,a,person,to,guide,them,through,the,subjects
College,teacher,shows,the,students,the,highlights,of,what,the,teacher,wants,the,students,to,see,.,Students,perceive,information,through,the,lens,of,whatever,the,teacher,shows,them,.
Ideally,a,teacher,should,be,like,a,tour,guide,they,ought,to,be,able,to,make,the,material,they,are,teaching,accessible,and,interesting,to,the,students,so,they,can,be,motivated,and,interested,to,learn,from,them,like,tourists,would,from,a,tour,guide,.
In,a,way,a,teacher,is,a,tour,guide,when,they,lecture,about,a,subject,.,The,problem,is,that,the,work,they,give,you,is,either,ridiculously,hard,or,manageable,.
taking,me,down,the,road,of,life,Guiding,and,showing,me,what,I,need,to,do,to,make,my,career,a,success,.,teaching,me,skills,to,keep,me,going,on,down,the,path,.
Teachers,can,show,you,around,give,you,knowledge,about,things,but,if,you,do,not,choose,to,look,you,wont,see,or,understand,what,they,are,teaching,you,.
The,teacher,indicates,teaches,and,the,students,learn,.,The,teacher,shows,all,his,knowledge,in,order,to,help,them,and,teach,everything,they,know,the,students,if,they,are,interested,try,to,learn
They,are,there,to,help,guide,the,students,through,the,curriculum,.,The,students,are,there,to,seek,guidance,from,as,this,is,new,to,them,so,they,need,to,be,guided,.
They,can,guide,you,through,a,walk,of,life,and,show,you,different,ways,of,thinking,.,They,show,you,as,the,student,that,you,can,view,things,from,a,more,outer,aspect,of,life,.
They,instruct,students,to,a,more,knowledgeable,area,of,their,studies,.,They,take,students,on,a,journey,showing,them,more,insight,into,their,fields,of,interests,.
A,college,professor,is,showing,student,around,the,subject,.,They,are,exposing,us,to,new,things,and,explaining,them,to,us,even,giving,advice,.
A,college,teacher,acts,as,a,guide,for,students,who,are,there,to,learn,about,a,specific,topic,.,They,are,someone,well,versed,in,the,topic,but,are,not,quite,experts,.
A,college,teacher,guides,students,through,content,like,a,tour,guide,guides,tourists,through,locations,.
A,college,teacher,is,a,like,a,tour,guide,and,students,are,like,tourists,in,the,sense,that,students,come,to,the,teacher,to,learn,.,Just,like,tourists,come,to,the,tour,guide,to,learn,.
A,college,teacher,is,like,a,tour,guide,because,they,are,guiding,students,on,how,to,start,the,process,of,learning,about,a,certain,subject,.
A,college,teacher,is,like,a,tour,guide,because,they,know,everything,about,a,subject,and,they,teach,it,to,the,tourists,or,students,.
A,college,teacher,is,very,familiar,with,what,they,are,presenting,along,the,tour,to,the,students,.,They,have,a,way,to,explain,the,details,that,lay,behind,the,scenes,of,what,they,are,presenting,.
A,college,teacher,should,be,able,to,help,students,develop,an,understanding,of,the,world,on,their,own,without,holding,their,hands,along,the,way,.
A,college,teacher,shows,you,something,and,helps,you,to,understand,it,and,its,significance,.,A,student,is,a,tourist,in,the,sense,they,are,experiencing,something,new,and,foreign
A,student,visits,an,institution,like,a,university,to,learn,and,while,neither,the,teacher,or,students,permanently,reside,there,the,teacher,is,the,one,explaining,the,subject,or,place,to,the,students,in,a,way,in,which,they,can,learn,.
A,teacher,can,be,a,tour,guide,by,showing,students,information,on,the,subject,and,guiding,them,through,the,journey,of,learning,.,Students,are,like,tourists,because,they,observe,and,listen,to,their,teacher,the,tour,guide,.
A,teacher,can,be,compared,to,a,tour,guide,and,students,tourists,because,teachers,are,there,to,guide,you,on,your,journey,.,They,are,teaching,you,and,helping,you,learn,new,ideas,and,information,to,help,you,in,the,world,.
a,teacher,can,be,like,a,tour,guide,because,they,lead,the,way,and,inform,the,tourists,students,about,certain,things,.
A,teacher,can,show,students,things,about,the,world,or,a,subject,or,direct,their,attention,to,certain,aspects,.
A,teacher,could,show,students,the,fun,and,exciting,aspects,of,their,discipline,taking,the,students,on,a,tour,through,the,various,aspects,of,their,area,of,focus,.
A,teacher,has,the,knowledge,about,the,area,and,space,.,The,students,are,interested,in,learning,more,but,they,dont,really,know,much,yet,.,They,follow,the,teacher,and,listen,to,their,teachings,in,order,to,learn,more,about,the,space,.
A,teacher,is,like,a,tour,guide,because,he,or,she,has,knowledge,of,something,that,the,students,dont,know,.,The,teacher,can,provide,information,to,help,the,students,to,explore,on,their,own,.,This,relies,on,the,students,having,an,interest,in,exploring,on,their,own,like,tourists,who,travel,voluntarily,.
A,teacher,is,like,a,tour,guide,because,they,guide,students,who,are,the,unfamiliar,tourists,through,learning,a,subject,.
A,teacher,is,like,a,tour,guide,in,the,way,that,they,introduce,new,ideas,and,things,to,the,students,.,The,students,listen,like,tourists,and,are,paying,the,tour,guide,to,share,their,knowledge,.
A,teacher,is,meant,to,guide,student,in,the,right,direction,but,its,up,to,the,students,to,take,the,initiative,and,learn,for,themselves,.
A,teacher,is,person,that,can,instruct,of,how,things,or,places,are,.,The,students,are,the,ones,who,absorb,all,those,information,.
A,teacher,is,showing,you,around,and,explaining,the,subject,matter,and,the,students,are,walking,around,with,them,absorbing,all,the,information,and,asking,questions,.
A,teacher,is,there,to,guide,you,through,the,course,and,life,.,The,students,are,there,to,follow,the,tour,guide,and,learn,from,them,.,The,tour,guide,is,the,teacher,as,stated,in,teh,example,.
A,teacher,is,very,knowledgeable,on,their,subject,matter,or,expertise,as,a,tour,guide,is,familiar,with,his,or,her,city,or,location,.,A,teacher,tried,to,impart,as,much,knowledge,on,the,students,similar,to,how,a,tour,guide,is,supposed,to,leave,you,with,more,information,.
A,teacher,leads,their,students,into,the,future,be,teaching,them,about,grooming,them,into,decent,human,beings,.
A,teacher,like,a,tour,guide,shows,the,tourists,or,students,the,information,they,are,to,learn,just,as,a,tour,guide,shows,tourists,exhibits,etc,.
A,teacher,shows,students,the,way,to,learn,and,solve,problems,when,learning,completely,new,material,.,College,teachers,are,there,to,guide,you,but,not,give,you,all,of,the,answers,.
A,teacher,shows,you,around,and,teaches,you,things,while,the,students,take,in,all,the,information,and,learn,from,the,tour,guide,.
A,tour,guide,has,an,extensive,knowledge,of,the,area,they,are,bringing,their,group,to,and,has,likely,done,similar,guided,experiences,many,times,already,.,Both,tour,guides,and,teachers,carry,extensive,knowledge,that,they,pass,on,to,other,people,.
A,tour,guide,is,someone,who,navigates,people,in,different,places,and,the,people,in,the,tour,group,get,to,see,new,things,and,learn,about,new,subjects,.,In,this,manner,the,teacher,is,like,a,tour,guide,and,students,are,like,tourists,.
A,tour,guide,is,very,knowledgeable,about,a,specific,subject,or,subjects,much,like,a,college,teacher,.,Their,goal,is,to,spread,that,knowledge,to,other,individuals,.
A,tour,guide,knows,a,lot,about,the,area,they,are,talking,about,and,trying,to,explain,it,to,the,guests,.,Thats,the,same,way,a,teacher,knows,the,subject,in,detail,and,is,trying,to,convey,it,in,an,easy,way,to,the,students,.
because,they,are,just,showing,you,were,to,look,and,its,up,to,you,to,decide,what,you,want,to,take,out,of,the,experience,.
Both,college,teacher,and,tour,guide,are,well,informed,about,a,certain,topic,and,want,to,inform,the,students,or,tourists,.
College,is,an,adventure,in,high,school,almost,everyone,is,on,the,same,track,to,the,same,destination,.,Once,we,get,to,college,were,off,exploring,new,fields,and,deciding,where,we,want,to,spend,the,rest,of,our,careers,this,exploration,is,guided,by,the,professors,as,tour,guides,showing,us,what,can,be,down,each,path,and,leading,us,toward,a,major,and,a,degree,.
College,teachers,know,the,way,because,theyve,ben,through,college,and,our,now,helping,the,students,go,through,it,as,well,.
College,teachers,take,knowledge,from,a,broad,spectrum,of,sources,and,condense,them,down,into,information,that,is,needed,for,their,students,.,SO,college,teachers,take,their,students,through,they,highlights,of,a,certain,subject,area,and,the,students,take,notes,on,the,information,given,.
For,me,this,metaphor,means,that,the,teacher,is,guiding,students,through,the,material,and,content,in,the,course,.
I,agree,with,this,statement,.,It,speaks,to,how,college,teachers,have,the,vast,knowledge,about,a,certain,subject,and,are,there,to,help,their,eager,students,learn,all,that,they,need,and,want,to,know,.
I,definitely,agree,with,this,metaphor,because,the,college,teacher,is,experienced,in,what,they,are,teaching,in,terms,of,hands,on,experience,as,well,as,a,lot,of,knowledge,and,the,students,are,just,beginning,to,go,into,that,field,and,learning,new,things,exactly,how,a,tourist,would,be,in,a,new,place,with,a,tour,guide,.,They,not,only,teach,the,subject,but,teach,the,ins,and,outs,of,working,in,that,particular,field,.
I,disagree,with,this,metaphor,although,its,actually,a,simile,not,a,metaphor,but,I,would,say,it,could,be,that,the,student,is,just,passing,through,the,course,and,could,move,on,if,they,dont,like,it,while,the,teacher,lives,in,the,material,day,in,and,day,out,over,many,years,.
I,guess,the,teacher,can,show,the,students,different,things,that,they,wouldnt,have,come,across,elsewhere,.,In,that,respect,then,they,are,useful,.
I,like,this,one,as,students,are,charting,unfamiliar,territory,and,the,teacher,is,guiding,them,through,the,obstacles,to,gain,familiarity,.
I,really,feel,this,is,accurate,in,a,lot,of,ways,.,In,many,ways,the,professor,is,like,a,tour,guide,on,the,safari,that,is,a,particular,course,.
I,think,it,is,right,in,some,way,a,teacher,leads,the,path,the,students,then,follow,he,or,she,must,know,this,path,in,order,to,teach,it,to,the,students
I,think,it,means,that,the,teacher,is,knowledgeable,and,familiar,with,a,topic,like,a,tour,guide,would,be,.,It,is,the,teachers,job,to,relay,the,important,aspects,of,this,topic,to,the,students,much,like,how,a,tour,guide,provides,information,to,tourists,.
I,think,that,the,metaphor,means,that,the,teacher,are,the,tour,guides,to,adulthood,.,They,are,kind,of,showing,students,in,a,way,that,their,education,is,now,their,responsibility,and,no,one,is,going,to,be,there,to,hold,their,hand,anymore,.
I,think,this,metaphor,is,particularly,apt,for,professors,who,teach,general,education,classes,and,introductory,classes,for,various,subjects,.,In,these,cases,students,are,often,getting,their,feet,wet,with,new,ideas,or,topics,and,the,professor,is,guiding,a,fairly,surface,level,exploration,of,that,subject,.
I,think,this,metaphor,means,that,teachers,are,here,to,guide,us,and,where,here,like,tourists,looking,for,some,guidance,.
It,makes,sense,if,you,consider,the,tourist,attraction,to,be,course,material,.,In,that,sense,a,professor,is,like,a,tour,guide,.
It,means,a,teacher,is,a,expert,in,the,topic,and,the,students,are,new,to,the,topic,and,are,trying,to,learn,and,explore,.
It,means,that,a,teacher,is,guiding,them,through,their,location,being,education,and,the,students,are,following,taking,pictures,notes,in,school,and,remembering,what,they,see,.
It,means,that,academia,is,a,journey,one,with,which,a,teacher,is,familiar,and,it,is,their,duty,to,guide,those,unfamiliar,with,the,territory,through,the,territory,and,show,them,the,best,it,has,to,offer,.
Kind,of,undermining,of,the,profession,.,Though,professors,do,guide,students,they,also,help,shape,the,minds,of,their,students,.
Sometimes,a,teacher,is,simply,guiding,students,to,solutions,.,They,may,not,be,an,expert,in,their,material,but,they,know,how,to,pose,things,to,their,students,to,get,the,most,out,of,the,experience,.
Teachers,are,like,tour,guides,because,they,are,educating,you,about,a,specific,topic,and,students,are,like,tourists,because,they,are,learning,from,the,teacher,.
Teachers,are,similar,to,tour,guides,because,they,inform,their,audience,of,information,and,help,them,learn,about,things,.,Students,are,similar,to,tourists,because,they,often,do,not,know,much,about,the,area,they,are,learning,.
Teachers,are,similar,to,tour,guides,because,you,follow,them,and,trust,them,to,lead,you,to,the,right,path,.,Along,this,path,students,are,like,tourists,because,of,the,events,the,teacher,brings,.
Teachers,guide,students,through,their,education,but,cant,make,them,follow,.,A,student,or,tourist,also,does,not,necessarily,need,a,teacher,to,be,a,student,or,tourist,.,They,can,explore,on,their,own,.
That,a,teacher,gives,out,information,and,the,students,learn,by,listening,to,the,teacher,give,out,information,like,a,tour,guide,.
That,would,just,imply,that,you,lose,all,the,information,once,you,leave,.,If,theyre,a,tour,guide,and,youre,a,tourist,once,the,class,is,over,the,subject,doesnt,surround,you,anymore,.,But,what,if,you,enter,that,field,which,if,youre,taking,a,college,class,theres,a,decent,chance,you,will,be,.
The,professor,lives,it,.,Theyve,lived,their,lives,to,understand,and,better,know,the,subjects,that,they,teach,.,The,students,are,onlookers,to,this,persons,life,works,.
The,students,are,following,the,teacher,on,a,journey,through,education,.,The,teacher,is,able,to,show,their,students,new,exciting,things,.
The,teacher,can,show,and,tell,while,the,students,follow,.,The,students,have,a,choice,to,pay,attention,or,not,while,the,teacher,has,to,make,the,tour,interesting,.
The,teacher,has,the,breadth,of,knowledge,on,a,topic,.,The,students,often,are,not,experts,and,rely,on,the,teachers,knowledge,to,help,advance,their,own,knowledge,.
The,teacher,is,the,leader,of,a,group,similar,to,a,tour,guide,.,A,teacher,provides,information,about,important,topics,and,histories,of,the,world,.,Which,is,also,very,similar,to,a,tour,guide,.,We,have,to,pay,for,that,information,that,we,receive,from,the,tour,guide,as,well,as,from,a,teacher,.,sometimes,that,information,is,useless,and,does,no,further,our,life,in,the,way,the,is,evident,.,But,like,the,information,we,learn,from,the,tour,guide,it,is,paid,for,so,it,is,valued,even,if,it,not,what,you,have,expected,.,The,teach,similarities,to,the,tour,guide,does,not,end,there,.,The,teacher,can,also
The,teacher,is,there,to,provide,information,and,to,guide,the,students,but,is,up,to,the,students,to,make,the,most,out,of,the,experience,.
The,teacher,isnt,giving,the,students,anything,new,but,rather,showing,them,through,the,things,the,will,be,grasping,on,their,own,.
Theoretically,the,teacher,is,a,more,experienced,knowledgeable,member,of,a,field,showing,the,ignorant,newcomers,around,with,the,expectation,that,only,a,small,portion,will,seriously,stick,around,long,term,in,their,particular,vicinity,but,that,they,might,manage,to,inspire,a,few,to,be,passionate,about,the,sort,of,thing,theyre,displaying,.
They,are,a,tour,guide,in,the,sense,of,showing,you,how,a,subject,has,certain,meaning,.,Students,are,new,to,it,like,an,unfamiliar,place,of,thought,.
They,are,highly,knowledgeable,in,a,specific,field,due,to,their,experience,.,They,give,a,glimpse,of,the,topic,to,other,students,.
They,give,you,a,brief,rundown,on,the,topic,at,hand,and,its,up,to,the,students,how,to,absorb,and,use,that,information,.
This,doesnt,hit,for,me,.,I,dont,think,a,college,course,being,described,as,a,tour,is,fitting,at,all,.
This,makes,sense,because,teachers,have,a,lot,of,experience,and,take,students,and,show,them,the,highlights,.
Tourist,are,novice,seeking,information,or,knowledge,while,the,teacher,is,the,expert,who,guides,and,gives,them,such,knowledge,.
Well,some,professors,help,guide,students,through,obstacles,in,whatever,they,are,teaching,and,guide,them,through,the,learning,processes,so,in,a,way,they,act,as,a,subject,tour,guide,.
Yes,I,can,confirm,that,this,metaphor,seems,pretty,accurate,.,A,professor,can,teach,you,a,lot,about,a,subject,and,can,give,you,their,own,interpretation,much,like,a,tour,guide,might,do,!
You,are,visiting,certain,places,for,the,first,time,.,You,want,someone,who,has,been,in,or,lived,in,the,territory,to,show,you,everything,you,need,to,see,while,you,are,visiting,there,.
A,teacher,knows,the,information,well,and,it,is,their,job,to,help,the,students,understand,it,just,like,a,tour,guide,knows,an,area,well,and,helps,tourists,navigate,it,.
The,teacher,is,a,tour,guide,since,he,is,very,knowledgeable,about,something,and,wants,to,show,and,share,that,knowledge,with,interested,students,.,Tourists,sign,up,for,a,knowledge,tour,from,the,teacher,.
Teachers,lead,the,student,from,subject,to,subject,.,When,they,stop,at,a,topic,they,stop,and,tell,the,students,all,they,know,about,the,topic,and,move,on,in,a,rush,because,they,have,a,time,line,they,need,to,achieve,.
The,students,are,visiting,the,materials,in,class,.,Theyre,given,detailed,information,on,things,they,may,not,be,familiar,with,like,how,a,tour,guide,could,present,material,and,unfamiliar,things,.
I,think,it,is,a,good,analogy,.,I,do,think,teachers,are,like,Master,Splinter,and,the,Students,are,his,turtle,disciple,.
a,college,teacher,can,guide,students,through,a,given,topic,and,answer,any,questions,that,they,might,have,.
The,teacher,shows,you,how,to,do,things,.,Students,learn,from,the,tour,guide,.,A,class,is,like,a,big,tour,.
Teachers,are,like,tour,guides,in,that,they,show,students,al,around,a,world,a,subject,or,a,specialized,skill,.,Students,are,the,tourists,in,that,they,are,fully,immersed,in,the,lectures,shown,to,them,by,these,well,educated,tour,guides,.
The,metaphor,means,that,a,teacher,guides,students,along,the,learning,process,.,Teachers,are,responsible,for,educating,the,next,generation,just,like,how,tour,guides,show,tourists,around,a,city,.
The,teacher,is,the,tour,guide,because,they,have,all,the,information,.,The,students,are,tourists,because,they,are,there,to,learn,and,leave,.
A,teacher,is,like,a,tour,guide,because,they,are,guiding,the,students,on,their,adventure,of,obtaining,knowledge,.,Students,are,like,tourist,because,they,are,on,an,adventure,to,obtain,knowledge,with,the,guidance,of,the,professor,.
Teachers,provide,the,information,and,students,get,whatever,experience,they,would,like,from,that,information,.
A,teacher,is,like,a,tour,guide,because,they,guide,their,students,through,their,education,.,Tour,guides,are,assumed,to,be,friendly,and,educational,.,I,can,enjoy,this,metaphor,.
The,above,sentence,is,a,metaphor,for,students,and,teachers,in,a,learning,environment,where,the,students,are,learning,what,their,teaching,is,trying,to,get,them,to,grasp,to,concept,to,.
A,teacher,can,be,like,a,tour,guide,because,theyre,a,knowledgeable,person,on,a,specific,subject,matter,.,Additionally,they,the,teachers,are,the,ones,that,are,showing,and,teaching,the,tourists,students,about,the,topic,.
A,teacher,is,like,a,tour,guide,because,they,have,information,and,answers,that,others,are,interested,in,learning,about,.,Students,are,like,tourists,because,they,are,looking,for,information,and,wanting,to,learn,from,other,people,and,experiences,.
A,teacher,shows,students,a,tour,of,their,field,or,a,particular,subject,.,The,students,simply,browse,the,knowledge,.
I,think,this,metaphor,means,that,the,teacher,provides,the,information,and,the,students,seeks,the,information,.
This,makes,sense,as,the,students,are,relying,on,the,teacher,to,show,them,the,way,through,a,potentially,difficult,topic,.
A,college,teacher,is,like,a,tour,guide,in,that,they,are,introducing,students,the,tourists,to,different,parts,of,life,.,They,are,essentially,guiding,them,to,what,it,is,like,to,live,and,work,as,an,adult,.
A,teacher,would,know,their,city,like,the,back,of,their,hand,and,be,able,to,navigate,the,tourists,all,around,it,showing,them,the,ins,and,outs,and,the,must,sees,and,dos,.
A,tour,guide,is,a,practiced,expert,in,a,particular,field,and,the,tourists,are,newcomers,who,have,an,interest,in,that,field,.,The,tour,guide,presents,the,vital,information,to,the,tourists,in,an,easy,to,understand,and,hopefully,entertaining,way,.
This,is,quite,a,precise,metaphor,since,teacher,is,providing,all,the,directions,and,instructions,on,how,to,do,things,like,the,tour,guide,.,We,as,students,are,looking,for,knowledge,and,suggestions,from,the,teachers,just,like,the,tourists,looking,for,recommendations,of,where,to,go,etc,.
Ive,heard,from,a,college,professor,before,that,school,just,provides,an,excuse,to,learn,this,seems,similar,.,Education,and,learning,can,be,or,are,self,generated,endeavors,the,teacher,is,there,to,simply,facilitate,you,learning,how,to,best,learn,.
College,teachers,are,like,tour,guides,because,they,provide,us,with,information,that,we,might,not,know,therefore,by,referring,to,the,students,like,tourists,makes,complete,sense,as,most,tourists,dont,know,certain,information,therefore,they,get,a,tour,guide,so,they,can,provide,that,information,just,like,teachers
To,me,this,metaphor,basically,means,that,the,teacher,is,supposed,to,guide,the,students,mentally,and,academically,.
Students,are,a,lot,like,tourists,because,while,tourists,are,exploring,a,place,they,have,never,been,and,know,nothing,about,a,student,is,exploring,a,concept,they,do,not,know,and,in,this,way,the,tour,guide,and,teacher,help,to,get,you,the,relevant,information,you,would,need
This,means,the,teacher,knows,where,they,are,going,in,a,certain,area,and,they,are,there,to,guide,the,student,to,deeper,understanding,on,a,topic,.
A,teacher,guides,their,students,through,a,path,of,knowledge,and,hopefully,they,learn,something,from,it,.
A,college,teacher,is,like,a,tour,guide,because,there,job,is,to,give,you,an,introduction,to,a,new,topic,and,provide,a,brief,overview,like,a,guide,in,a,new,place,.,Students,are,like,tourists,because,we,are,exploring,a,new,field,of,academia,in,a,similar,way,that,we,would,explore,a,new,location,.
A,college,teacher,like,a,tour,guide,can,often,point,out,notions,and,philosophies,and,ideas,about,a,particular,subject,but,each,student,tourist,will,ultimately,have,their,own,viewpoints,on,the,subject,.
They,guide,students,to,information,and,help,guide,them,through,the,journey,of,college,and,learning,because,they,know,most,these,things,already,.
A,teacher,in,this,case,is,someone,familiar,if,not,an,expert,on,the,subject,.,They,give,a,thorough,explanation,of,the,subject,to,people,who,may,have,never,seen,or,experienced,the,topic,in,question,.
The,teacher,is,responsible,for,presenting,information,and,material,to,the,students,the,teacher,decides,how,it,will,be,presented
The,college,teacher,would,be,like,a,tour,guide,because,they,would,be,showing,the,students,information,and,how,to,do,things,.,The,students,would,be,like,tourists,because,they,are,listening,and,gathering,information,.
A,teacher,is,similar,to,a,tour,guide,because,both,occupations,require,guiding,and,teaching,a,group,of,others,.
A,college,teacher,would,be,like,a,to,students,by,guiding,and,teaching,them,on,their,journey,of,gaining,knowledge,.,Students,are,like,tourists,because,they,look,at,the,teacher,with,a,blank,mind,ready,to,learn,everything,about,what,they,are,seeking,.
Teachers,guide,students,in,the,tour,of,education,.,Teacher,represent,tour,guides,because,the,guide,students,learning,while,students,are,like,tourists,in,the,sense,they,are,exploring,new,ideas,and,experience,through,their,college,education,.
A,teacher,is,someone,who,has,experience,in,a,certain,subject,or,field,that,guides,the,student,through,the,basics,and,underlying,knowledge,that,it,take,to,obtain,familiarity,in,the,field,to,prepare,them,for,a,job,.
A,teacher,definitely,holds,the,purpose,of,guidance,.,When,tourists,students,are,misguided,through,wrong,path,a,teacher,is,there,to,show,them,the,right,direction,.
Like,tourists,student,would,be,led,by,teachers,to,explore,more,about,knowledge,or,just,about,different,choices,in,life,.
Professors,know,more,about,a,certain,topic,but,arent,any,better,or,worse,.,Tourists,are,there,to,learn,more,about,something,new,and,tour,guides,help,to,show,them,the,important,things,.,A,tourist,can,go,off,on,their,own,and,learn,but,they,get,the,essentials,and,suggestions,from,the,guide,.
A,college,teacher,is,like,a,tour,guide,since,they,help,guide,students,through,the,semester,.,A,student,is,the,tourist,taking,in,everything,that,they,come,across,.
a,teacher,will,take,you,around,the,different,aspects,of,the,course,and,information,and,introduce,the,students,to,the,aspects,of,that,course
students,are,their,to,learn,a,little,bit,more,about,a,subject,that,is,out,of,their,norm,of,studying,and,a,teacher,is,their,guide,through,that,field,of,study
A,teacher,is,responsible,for,not,just,showing,the,students,tourists,the,way,but,also,explaining,the,way,as,they,go,along,.,What,are,the,details,surrounding,everything,in,the,tour,path,?,The,teacher,answers,those,.
A,professor,can,lead,the,students,through,an,overview,of,a,subject,like,leading,them,through,a,museum,.
It,makes,sense,college,professors,show,students,around,a,certain,topic,.,They,tell,and,teach,them,about,the,basics,and,students,watch,on,to,learn,.
This,metaphor,is,really,true,.,A,teacher,is,a,tour,guide,by,showcasing,the,highlights,of,a,tour,and,the,students,are,visiting,and,taking,it,all,in,.,They,can,learn,more,or,not,listen,and,learn,less,but,its,a,relationship,between,tour,guide,and,tourist,to,get,the,most,out,of,your,tour,.
This,is,true,because,teachers,guide,their,students,through,the,materials,but,it,is,up,to,the,students,to,complete,their,own,journey,.
This,really,holds,true,students,are,on,a,journey,and,guided,by,the,professor,.,In,addition,they,are,guided,through,a,journey,together
A,teacher,shows,students,different,facts,and,such,about,a,topic,which,makes,them,like,a,tour,guide,for,the,subject,.,Students,are,like,tourists,because,they,are,listening,and,exploring,the,topic,being,shown,to,them,.
A,teacher,can,provide,students,with,the,critical,information,they,need,to,navigate,a,specific,concept,or,domain,.,It,is,incumbent,on,the,students,to,further,parse,this,knowledge,and,explore,it,in,greater,depth,.
This,is,accurate,tour,guides,lead,tourists,around,spots,that,they,as,the,tour,guide,have,been,around,and,know,about,their,whole,lives,much,like,college,teachers,and,their,field,of,study,.,They,know,it,inside,and,out,and,they,are,showing,the,student,tourists,the,way,around,.
A,tour,guide,shows,you,around,a,place,similar,to,how,a,teacher,shows,you,around,a,subject,and,gets,you,familiar,with,it,.
The,students,are,like,tourists,in,that,they,are,new,to,the,world,relatively,speaking,.,They,havent,experienced,nearly,as,much,and,they,have,a,world,of,possibilities,.,The,teachers,are,more,seasoned,and,can,offer,the,kind,of,the,advice,and,guidance,that,is,invaluable,to,a,person,in,a,foreign,world,.
A,tour,guide,knows,a,lot,of,information,that,is,passed,on,to,tourists,.,Like,teachers,with,students,.,Teachers,have,the,information,to,teach,their,students,and,help,them,become,more,knowledgeable,.
I,think,they,can,be,like,tour,guides,because,they,are,already,familiar,with,subjects,us,students,or,tourists,are,not,so,they,guide,us,through,the,material,like,on,a,sightseeing,tour,.
A,college,teacher,is,in,charge,of,walking,their,students,through,the,curriculum,and,it,is,up,to,the,students,to,ask,questions,and,soak,it,all,in,.,If,they,are,not,engaged,that,is,not,the,problem,of,the,guide,.
An,intelligent,and,competent,professor,serves,as,the,knowledge,base,and,its,up,to,the,students,to,pay,attention,and,benefit,from,the,information,presented,.
A,tour,guide,is,someone,who,is,well,versed,in,what,theyre,showing,tourists,helping,them,to,learn,and,experience,new,things,that,they,otherwise,may,not,have,known,.
A,teacher,is,like,a,tour,guide,leading,students,on,a,learning,journey,of,an,area,that,they,know,about,and,in,which,they,hope,to,inspire,others,to,want,to,learn,more,about,.,In,completing,the,self,assessment,survey,I,came,up,with,this,teacher,or,student,analogy,and,upon,reflection,I,like,it,more,and,more,.
The,teacher,is,knowledgeable,about,a,material,like,a,tour,guide,is,about,a,place,and,the,students,are,like,tourists,in,that,they,are,new,to,the,material,or,place,even,if,some,have,heard,about,it,before,in,passing,.
This,is,an,apt,metaphor,College,teachers,are,like,tour,guides,in,the,sense,that,theyre,helping,make,sense,of,whatever,theyre,touring,which,in,this,case,would,be,their,field,of,study,and,students,are,like,tourists,in,the,sense,that,they,are,voluntarily,going,along,on,a,tour,to,learn,new,things,which,the,tour,guide,helps,explain,to,them,.
The,metaphor,means,that,a,teacher,is,like,a,guide,who,guides,their,students,and,give,them,a,path,to,follow,.,He,teaches,them,which,path,to,adopt,and,which,not,.,Students,come,and,go,but,the,teachers,stay,there,for,new,students,.
A,teacher,has,the,knowledge,of,their,area,of,expertise,and,guides,the,students,through,it,showing,it,to,them,.,The,students,may,or,may,not,like,the,destination,and,decide,to,explore,it,deeper,.
Teachers,are,like,a,tour,guide,in,the,sense,that,they,kind,of,show,you,around,different,and,educate,you,on,areas,of,different,subjects,just,as,a,tour,guide,shows,you,around,and,educates,you,on,different,areas,of,different,towns,.
Teachers,can,relate,to,tour,guides,in,a,way,where,both,of,the,positions,require,a,leadership,role,.,Both,positions,require,the,leader,to,inform,the,other,participants,students,or,tourists,to,digest,information,and,inquire,about,or,challenge,that,information,.
Teachers,help,students,find,their,interests,in,life,.,They,can,help,lead,them,like,tour,guides,when,choosing,a,career,path,.
the,teacher,has,the,knowledge,of,the,subject,and,has,already,experienced,it,.,So,they,are,able,to,show,it,to,someone,else,for,the,first,time,like,a,our,guide,would,when,traveling
a,teacher,is,showing,you,how,things,are,how,to,learn,the,subjects,being,taught,.,students,are,the,tourists,taking,things,in,and,learning
A,professors,shows,students,materials,and,explains,ideas,to,students,who,will,sit,in,a,classroom,and,listen,to,the,professor,talk,.,After,the,class,tour,students,will,be,more,knowledgeable,about,the,topic,.
This,metaphor,indicates,that,teacher,is,a,tour,guide,in,a,place,of,knowledge,and,students,are,just,visiting,.,Im,not,sure,this,metaphor,works,because,students,are,not,tourists,they,are,becoming,guides,themselves,during,their,studies,.
It,means,that,the,teachers,are,providing,the,knowledge,and,the,information,on,certain,things,that,they,are,experts,in,.,The,students,are,learning,and,soaking,in,the,knowledge,second,hand,from,the,teachers,.
A,college,teacher,is,showing,students,all,about,a,certain,topic,and,has,all,the,knowledge,while,the,students,are,taking,in,all,the,knowledge
A,teacher,is,like,a,tour,guide,because,they,have,the,knowledge,about,the,area,very,well,and,their,job,is,to,lead,the,tourists,to,have,a,better,understanding,about,the,places,that,they,probably,have,never,been,or,lack,of,knowledge,about,the,area,.
I,think,the,metaphor,is,referencing,how,a,teacher,guides,students,through,new,information,like,a,tour,guide,guides,tourist,through,new,places,.
Tourists,are,always,questioning,things,to,ask,the,tour,guide,so,this,makes,sense,.,Tour,guide,helps,provide,information,for,the,tourists,to,do,something,about,it,.
I,suppose,a,teacher,could,be,thought,of,a,tour,guide,in,the,sense,that,the,teacher,will,only,be,with,you,temporarily,and,has,to,show,and,teach,you,many,things,about,a,subject,in,a,short,amount,of,time,.,The,students,like,tourists,have,to,take,in,all,the,sights,knowledge,in,that,short,amount,of,time,to,make,it,worthwhile,.
Tourists,are,just,trying,to,take,in,everything,and,see,what,they,can,for,the,most,part,.,They,will,all,have,different,interests,in,what,they,want,to,see,and,do,which,is,similar,to,students,.,Students,have,different,interests,and,want,to,spend,their,time,focusing,on,different,things,whether,that,be,extracurriculars,or,classes,.,Tour,guides,are,typically,very,knowledgeable,about,their,area,and,this,is,similar,to,teachers,who,know,a,lot,about,their,subject,.
College,Teachers,present,information,to,students,and,students,absorb,it,.,College,Teachers,answer,questions,about,topics,that,college,students,have,just,like,a,tour,guide,to,its,tourists,.
Teachers,are,more,so,good,at,presenting,information,in,a,way,that,helps,student,understand,and,are,also,showing,and,introducing,the,students,to,knew,territory,of,information,.
Teachers,have,the,knowledge,and,are,supposed,to,pass,it,along,to,students,like,a,tour,guide,is,supposed,to,show,around,tourists,and,give,information,about,the,surrounding,area
The,students,are,like,tourist,in,that,they,are,new,to,the,subject,they,might,have,some,basic,knowledge,but,they,are,ready,to,dive,deep,and,learn,everything,.,The,teacher,is,like,the,tour,guide,in,that,they,have,the,knowledge,and,they,are,ready,to,share,it,to,the,students,and,teach,them,.
Showing,inexperienced,people,how,to,do,things,and,the,ways,of,handling,life,.,Teaching,them,skills,they,need,to,know,in,the,field,they,are,trying,to,master
This,is,a,very,accurate,metaphor,.,Students,are,often,on,a,journey,to,discover,themselves,and,what,they,want,to,do,with,their,futures,and,college,teachers,help,them,to,do,that,.
A,tour,guide,is,someone,that,people,pay,to,guide,them,through,a,learning,experience,and,is,also,someone,that,most,people,ignore,.,This,describes,most,college,professors,very,well,as,students,pay,tuition,to,take,their,classes,but,depending,on,the,time,of,day,they,will,not,be,able,to,pay,attention,at,all,.
A,college,teacher,can,be,like,a,tour,guide,because,they,guide,their,students,around,their,topic,of,study,explaining,to,them,the,intricacies,and,background,of,the,topic,on,hand,.,Students,are,like,tourists,because,they,follow,the,guide,and,try,to,understand,what,they,are,being,told,.
A,college,teacher,helps,students,find,something,their,passionate,about,.,When,taking,different,classes,sometimes,its,a,certain,teacher,that,points,you,in,the,right,direction,for,your,career,or,life,.
I,believe,that,this,is,true,.,Their,tour,is,also,completely,voluntary,AND,you,pay,to,get,in,.,It,is,an,accurate,metaphor,.
Things,students,learn,in,class,are,totally,new,to,them,like,tourists,traveling,to,a,new,attraction,.,Before,the,class,students,know,nothing,about,what,the,teacher,is,going,to,teach,them,about,except,the,name,of,the,subject,as,if,tourists,only,know,the,name,of,the,attraction,.
The,teacher,guides,the,students,to,the,class,material,and,they,learn,from,it,.,They,will,understand,what,the,class,entails,and,will,understand,what,to,do,.
This,one,is,pretty,self,explanatory,.,A,tourist,learns,from,the,tour,guide,and,are,lead,by,them,to,new,places
I,agree,with,this,metaphor,.,A,teacher,shows,them,the,steps,to,their,career,and,the,students,are,learning,from,them,just,like,tourists,do,from,a,tour,guide,.
A,tour,guide,provides,you,with,information,about,various,topics,about,life,and,history,.,The,students,enjoy,their,tour,and,gain,knowledge,.
Students,are,like,tourists,because,they,are,simply,dabbling,in,the,subject,matter,without,seriousness,.,The,teacher,is,like,a,tour,guide,because,he,makes,the,students,feel,like,they,are,actually,engaging,with,the,subject,matter,.
They,are,guiding,and,teaching,students,who,are,in,an,unfamiliar,place,or,in,a,museum,.,They,are,explaining,everything,that,the,students,are,seeing,during,their,journey
College,is,sort,of,like,a,tour,in,that,students,are,exposed,to,many,new,and,interesting,things,.,Teachers,are,the,students,guide,there,to,help,them,understand,what,they,are,seeing,.
Students,look,to,their,teacher,to,take,them,from,one,point,to,another,similar,to,a,tourist,.,They,want,to,be,guided,in,exploring,different,topics,just,like,a,tourist,with,a,tour,guide,.
Students,need,to,be,guided,like,tourists,because,they,can,get,lost,without,a,guide,.,Teachers,can,also,only,do,as,much,as,guiding,and,showing,the,way,since,it,is,up,to,the,students,to,fully,explore,what,is,presented,to,them,.
Just,like,tourists,are,thrust,into,an,unfamiliar,territory,and,rely,on,and,even,pay,their,tour,guide,to,navigate,for,them,so,too,students,are,put,into,an,unfamiliar,environment,and,rely,on,the,teacher,to,guide,and,prepare,them
The,teacher,is,very,informed,on,a,certain,topic,.,They,are,considered,an,expert,.,The,students,dont,know,much,or,everything,on,the,topic,.,So,they,let,the,tour,guide,give,them,the,tour,of,the,subject,.
Teachers,can,be,like,tour,guides,in,that,they,introduce,unfamiliar,topics,like,tourist,hotspots,.,Students,are,like,tourists,in,that,they,follow,the,tour,guide,and,ask,questions,about,each,destination,or,subject,.
A,teacher,is,a,tour,guide,to,new,knowledge,and,how,to,go,out,into,the,world,and,explore,while,using,your,knowledge,.,Students,follow,along,taking,notes,and,learning,from,the,masters,on,how,to,be,successful,.
The,teacher,helps,show,the,student,how,to,navigate,within,the,classroom,and,online,to,prepare,them,for,additional,studies,throughout,their,educational,journey,.
Tourist,visit,a,location,or,object,of,interest,and,seek,out,a,tourist,who,they,assume,is,familiar,with,it,to,educate,them,on,it,.
A,teacher,is,guiding,the,students,through,the,subject,enough,to,get,a,good,idea,of,the,subject,but,not,necessarily,know,it,inside,and,out
A,teacher,guides,students,through,the,subject,they,teach,.,While,a,student,is,new,to,a,subject,you,could,consider,them,tourists,learning,about,a,new,place,.
A,teacher,can,be,like,a,tour,guide,in,that,theyre,touring,students,through,a,subject,.,Along,the,way,students,can,gawk,ask,questions,or,scurry,away,if,theyre,bored,as,tourists,do,.
A,teacher,guides,their,students,through,the,material,giving,anecdotes,and,supporting,evidence,as,well,as,pointing,out,the,important,information,.,Just,as,a,tour,guide,does,for,tourists,.
Like,my,original,statement,the,tour,guide,and,the,tourists,are,still,on,the,tour,together,the,guide,just,knows,the,early,material
A,college,teacher,can,help,people,through,life,like,a,guide,helps,tourists,in,new,unfamiliar,places,.
A,college,teacher,can,be,like,a,tour,guide,because,the,teacher,is,giving,the,students,an,overview,of,a,specific,field,and,the,tourists,are,seeing,the,field,for,the,first,time,much,like,how,a,tourist,sees,a,new,place,for,the,first,time,.
Teachers,take,their,students,on,a,tour,of,a,subject,while,the,students,are,eager,and,willing,to,take,it,all,in,.
The,tour,guide,has,most,of,the,questions,available,to,the,tourists,that,are,visiting,said,locations,.,However,the,tourists,are,the,ones,who,are,going,to,be,asking,the,questions,and,not,the,tour,guide,.
That,sort,of,makes,sense,.,The,teacher,knows,the,lay,of,the,land,and,you,dont,so,that,comes,together,to,be,accurate,.
They,can,be,like,tour,guides,because,they,just,present,to,you,information,that,is,already,there,in,a,shorter,way,.,They,might,teach,you,new,things,but,there,is,always,a,book,in,which,you,can,learn,from,even,more,.
A,teacher,is,someone,leading,the,way,and,we,and,students,are,exploring,and,learning,as,they,lead,the,way,.
Students,in,many,private,universities,do,treat,collegiate,education,like,a,vacation,and,if,you,assume,that,teachers,are,as,ambiently,non,impactful,as,a,tour,guide,in,lets,say,a,challenging,historical,setting,that,people,want,to,ignore,then,yes,its,accurate,.,The,metaphor,is,appropriately,trivializing,I,guess,.
They,are,able,to,teach,you,about,the,things,you,didnt,know,where,important,in,your,area,of,study,.,They,walk,you,through,every,step,to,equipped,you,to,perform,above,average,in,your,field,of,study,.
A,teacher,is,one,that,is,super,familiar,with,an,area,or,subject,matter,and,guides,the,students,or,tourists,along,the,journey,.,Tourists,typically,have,a,desire,to,be,in,the,situation,and,have,a,desire,to,learn,about,it,which,most,likely,cant,be,said,for,all,students,in,this,metaphor,i.e,.,they,just,dont,want,to,take,a,class,and,or,or,dont,have,an,interest,in,it,gen,ed,class
The,college,teacher,is,showing,the,students,the,knowledge,they,will,need,to,excel,in,their,life,and,career,just,like,a,tour,guide,shows,tourists,the,best,places,to,visit,in,a,new,place,!
A,student,is,there,to,learn,and,be,taught,to,like,a,tourist,learning,about,a,new,city,.,and,the,teacher,is,their,guide,guiding,them,through,their,learning,journey
A,teacher,is,like,the,mom,duck,leading,her,baby,ducklings,around,teaching,them,to,navigate,.,They,are,the,leaders,.
A,teacher,is,like,a,tour,guide,by,introducing,students,to,new,subjects,or,ideas,where,students,can,then,learn,more,about,later,.
A,college,teacher,is,like,a,tour,guide,theyre,showing,us,different,aspects,of,life,that,us,students,want,to,know,and,learn,about,such,as,tourists,on,a,tour,.
A,teacher,leads,students,on,a,guided,journey,about,a,given,subject,.,They,point,out,things,to,the,students,might,not,know,and,show,them,why,these,things,are,important,to,know,about,much,like,a,tour,guide,with,tourists,.
A,college,teacher,like,a,tour,guide,is,knowledgeable,regarding,the,subject,that,they,are,educating,people,about,.,They,highlight,the,main,points,and,push,you,to,learn,more,on,your,own,.
I,think,it,means,that,the,teacher,knows,the,city,and,the,tourists,are,here,to,learn,about,it,.,In,a,sense,you,can,say,that,tour,guides,are,actually,teachers,teaching,the,tourists,about,the,place,that,is,being,toured,.
A,teacher,is,like,a,tour,guide,in,that,they,have,a,lot,of,knowledge,on,a,subject,and,share,that,knowledge,with,their,students,tourists,.
Teacher,only,teaches,the,lectures,already,planned,to,fit,their,schedule,.,They,only,tell,you,what,topics,they,are,going,to,cover,and,general,information,about,those,topics,.,It,is,the,students,responsibility,to,ask,questions,if,they,want,to,dig,deeper,into,one,of,those,topics
I,think,the,metaphor,is,highly,appropriate,and,representative,of,what,the,student,teacher,relationship,should,be,in,college,.,I,want,to,emphasize,should,be,because,for,the,most,part,about,half,of,my,professors,literally,read,straight,from,the,book,as,if,we,were,just,mindless,drones,.
A,tour,guide,educates,others,about,the,area,and,the,tourists,are,there,to,learn,about,the,area,.,This,metaphor,makes,total,sense,because,a,teacher,is,teaching,the,subject,and,the,student,is,learning,.
